URL,Social Media Links,Tech Stack,Meta Title,Meta Description,Payment Gateways,Language,Category
https://www.google.com,{},,Google,N/A,,en-IN,Other
https://www.amazon.com,{},,Amazon.com,N/A,,en-us,Other
https://www.apple.com,{},,Apple,N/A,Apple Pay,en-US,Other
https://www.microsoft.com,{},jQuery,"Your request has been blocked. This could be
                        due to several reasons.",N/A,,en-us,Other
https://www.wikipedia.org,{},,Wikipedia,"Wikipedia is a free online encyclopedia, created and edited by volunteers around the world and hosted by the Wikimedia Foundation.",,en,Other
https://www.reddit.com,{'Reddit': 'https://www.reddit.com/policies/privacy-policy'},,Reddit - Dive into anything,"Reddit is a network of communities where people can dive into their interests, hobbies and passions. There's a community for whatever you're interested in on Reddit.","Square, Eway",en-US,Other
https://www.nytimes.com,{},,"The New York Times - Breaking News, US News, World News and Videos","Live news, investigations, opinion, photos and video by the journalists of The New York Times from more than 150 countries around the world. Subscribe for coverage of U.S. and international news, politics, business, technology, science, health, arts, sports and more.","Square, Eway",en,Other
https://www.youtube.com,{'YouTube': 'https://www.youtube.com/howyoutubeworks?utm_campaign=ytgen&utm_source=ythp&utm_medium=LeftNav&utm_content=txt&u=https%3A%2F%2Fwww.youtube.com%2Fhowyoutubeworks%3Futm_source%3Dythp%26utm_medium%3DLeftNav%26utm_campaign%3Dytgen'},Polymer,YouTube,"Enjoy the videos and music you love, upload original content, and share it all with friends, family, and the world on YouTube.",Square,en-GB,Other
https://www.facebook.com,"{'Facebook': 'https://www.facebook.com/help/568137493302217', 'Instagram': 'https://l.facebook.com/l.php?u=https%3A%2F%2Fwww.instagram.com%2F&h=AT2wCE_HWOfD0mmnFL3Y7zSyP_X2-Pa-4g9mmGiGESbK69TPr0xfsJkCCHGU1vkTtk6jVZ_4p2eRzc9yENWePqKVwg59g6wodTs6kfShx6bLPEEVP_oXkP5v2q9f3kYqxOMjRR0Yx3GM59FuTTv0hPZNeV3IE-2H4pdRSA'}",,Facebook,N/A,"PayU, Adyen",kn,Other
https://www.twitter.com,{},,x.com,N/A,,N/A,Other
https://www.instagram.com,{},,Instagram,N/A,PayPal,en,Other
https://www.linkedin.com,{'LinkedIn': 'https://www.linkedin.com/legal/professional-community-policies?trk=homepage-basic_footer-community-guide'},,LinkedIn: Log In or Sign Up,"1 billion members | Manage your professional identity. Build and engage with your professional network. Access knowledge, insights and opportunities.",,en,Other
https://www.netflix.com,{},,Netflix,"Watch Netflix movies & TV shows online or stream right to your smart TV, game console, PC, Mac, mobile, tablet and more.",,en-IN,Other
https://www.pinterest.com,{},React.js,Pinterest,"Discover recipes, home ideas, style inspiration and other ideas to try.",Adyen,en,Other
https://www.spotify.com,{},,Spotify - Web Player: Music for everyone,Spotify is a digital music service that gives you access to millions of songs.,,en,Other
https://www.bbc.co.uk,{},,BBC - Home,"The best of the BBC, with the latest news and sport headlines, weather, TV & radio highlights and much more from across the whole of BBC Online.",,en-GB,Other
https://www.cnn.com,"{'Facebook': 'https://facebook.com/CNN', 'Twitter': 'https://twitter.com/CNN', 'Instagram': 'https://instagram.com/CNN', 'TikTok': 'https://www.tiktok.com/@cnn?lang=en', 'LinkedIn': 'https://www.linkedin.com/company/cnn'}",,"Breaking News, Latest News and Videos | CNN","View the latest news and breaking news today for U.S., world, weather, entertainment, politics and health at CNN.com.","Stripe, Square, Klarna, Alipay, Eway",en,Other
https://www.ebay.com,"{'Facebook': 'https://www.facebook.com/eBay', 'Twitter': 'https://twitter.com/eBay'}",jQuery,"Electronics, Cars, Fashion, Collectibles & More | eBay","Buy & sell electronics, cars, clothes, collectibles & more on eBay, the world's online marketplace. Top brands, low prices & free shipping on many items.",PayPal,en,Other
https://www.yahoo.com,{},React.js,"Yahoo | Mail, Weather, Search, Politics, News, Finance, Sports & Videos","Latest news coverage, email, free stock quotes, live scores and video are just the beginning. Discover more every day at Yahoo!",Eway,en-US,Other
https://www.github.com,"{'Facebook': 'https://www.facebook.com/GitHub', 'LinkedIn': 'https://www.linkedin.com/company/github', 'YouTube': 'https://www.youtube.com/github', 'Twitch': 'https://www.twitch.tv/github', 'TikTok': 'https://www.tiktok.com/@github'}",React.js,GitHub: Let’s build from here · GitHub,"GitHub is where over 100 million developers shape the future of software, together. Contribute to the open source community, manage your Git repositories, review code like a pro, track bugs and features, power your CI/CD and DevOps workflows, and secure code before you commit it.","Square, Braintree",en,Other
https://www.stackoverflow.com,"{'Facebook': 'https://www.facebook.com/officialstackoverflow/', 'Twitter': 'https://twitter.com/stackoverflow', 'LinkedIn': 'https://linkedin.com/company/stack-overflow', 'Instagram': 'https://www.instagram.com/thestackoverflow'}",jQuery,"Stack Overflow - Where Developers Learn, Share, & Build Careers","Stack Overflow is the largest, most trusted online community for developers to learn, share​ ​their programming ​knowledge, and build their careers.",,en,Other
https://www.medium.com,{'Medium': 'https://policy.medium.com/medium-terms-of-service-9db0094a1e0f'},,Medium – Where good ideas find you.,"Medium is an open platform where readers find dynamic thinking, and where expert and undiscovered voices can share their writing on any topic.","PayPal, Stripe, Braintree, Eway",en,Other
https://www.quora.com,{},,Quora - A place to share knowledge and better understand the world,N/A,Stripe,en,Other
https://www.aliyun.com,"{'Facebook': 'https://www.facebook.com/alibabacloud/', 'LinkedIn': 'https://www.linkedin.com/company/alibabacloudtech', 'Twitter': '//www.twitter.com/alibaba_cloud', 'YouTube': 'https://www.youtube.com/channel/UCipPA-ZHX6UYGH_Iyti1-Jw', 'TikTok': 'https://www.tiktok.com/@alibaba__cloud?lang=zh-Hant-TW'}","jQuery, React.js",Alibaba Cloud: Cloud Computing Services,"Alibaba Cloud is one of the world's largest cloud computing companies, providing scalable, secure, and reliable cloud computing services globally to accelerate digitalization empowered by comprehensive cloud products and solutions.","Alipay, Eway",en,Other
https://www.foxnews.com,"{'Facebook': 'https://www.facebook.com/FoxNews', 'Twitter': 'https://twitter.com/foxnews', 'Instagram': 'https://www.instagram.com/foxnews/', 'YouTube': 'https://www.youtube.com/FoxNewsChannel', 'LinkedIn': 'https://www.linkedin.com/company/fox-news-channel/'}",,Fox News - Breaking News Updates | Latest News Headlines | Photos & News Videos,"Breaking News, Latest News and Current News from FOXNews.com. Breaking news and video. Latest Current News: U.S., World, Entertainment, Health, Business, Technology, Politics, Sports.","Stripe, Square",en,News and Media
https://www.theguardian.com,"{'Facebook': 'https://www.facebook.com/theguardian', 'YouTube': 'https://www.youtube.com/user/TheGuardian', 'Instagram': 'https://www.instagram.com/guardian', 'LinkedIn': 'https://www.linkedin.com/company/theguardian'}",,"Latest news, sport and opinion from the Guardian","Latest international news, sport and comment from the Guardian","Stripe, Square",en,Other
https://www.washingtonpost.com,{},,"The Washington Post - Breaking news and latest headlines, U.S. news, world news, and video - The Washington Post","Breaking news, live coverage, investigations, analysis, video, photos and opinions from The Washington Post. Subscribe for the latest on U.S. and international news, politics, business, technology, climate change, health and wellness, sports, science, weather, lifestyle and more.",Square,en,Other
https://www.forbes.com,"{'Facebook': 'https://www.facebook.com/dialog/feed?app_id=123694841080850&link=https%3A%2F%2Fwww.forbes.com%2Fquote-of-the-day%2F6668%3Futm_source=facebook%26utm_medium=qotd%26utm_campaign=6668&quote=Quote%20Of%20The%20Day%20via%20@Forbes', 'Twitter': 'https://twitter.com/intent/tweet?url=https%3A%2F%2Fwww.forbes.com/quote-of-the-day%2F6668%3Futm_source=twitter%26utm_medium=qotd%26utm_campaign=6668&text=Quote%20Of%20The%20Day%20via%20@Forbes', 'LinkedIn': 'https://www.linkedin.com/shareArticle?mini=true&url=https%3A%2F%2Fwww.forbes.com%2Fquote-of-the-day%2F6668%3Futm_source%3Dlinkedin%26utm_medium%3Dqotd%26utm_campaign%3D6668&summary%3DQuote%20Of%20The%20Day%20via%20@Forbes'}",,Forbes,"Forbes is a global media company, focusing on business, investing, technology, entrepreneurship, leadership, and lifestyle.","Square, Eway",en,Other
https://www.imdb.com,"{'TikTok': 'https://www.tiktok.com/@imdb', 'Instagram': 'https://instagram.com/imdb', 'Twitter': 'https://twitter.com/imdb', 'YouTube': 'https://youtube.com/imdb/', 'Facebook': 'https://facebook.com/imdb'}",,"IMDb: Ratings, Reviews, and Where to Watch the Best Movies & TV Shows","IMDb is the world's most popular and authoritative source for movie, TV and celebrity content. Find ratings and reviews for the newest movie and TV shows. Get personalized recommendations, and learn where to watch across hundreds of streaming providers.","Stripe, Square",en-US,Other
https://www.livejournal.com,{'Twitter': 'https://twitter.com/LiveJournal'},Angular,LiveJournal: Discover global communities of bloggers who share your unique passions and interests.,Your life is the best story! Just start your blog today!,"Stripe, Square",en-us,News and Media
https://www.minecraft.net,"{'YouTube': 'https://www.youtube.com/minecraft', 'Instagram': 'https://www.instagram.com/minecraft/', 'Facebook': 'https://www.facebook.com/minecraft/', 'Twitter': 'https://twitter.com/Minecraft', 'Reddit': 'https://www.reddit.com/r/Minecraft/'}",,Welcome to the Minecraft Official Site | Minecraft,"Explore new gaming adventures, accessories, & merchandise on the Minecraft Official Site. Buy & download the game here, or check the site for the latest news.","Stripe, Square",en-US,Other
https://www.npr.org,"{'Facebook': 'https://www.facebook.com/NPR/', 'Instagram': 'https://www.instagram.com/npr/'}",,"NPR - Breaking News, Analysis, Music, Arts & Podcasts : NPR","Top stories in the U.S. and world news, politics, health, science, business, music, arts and culture. Nonprofit journalism with a mission. This is NPR.",Stripe,en,Other
https://www.rottentomatoes.com,{},,Rotten Tomatoes: Movies | TV Shows | Movie Trailers | Reviews | Rotten Tomatoes,"Rotten Tomatoes, home of the Tomatometer, is the most trusted measurement of quality for Movies & TV. The definitive site for Reviews, Trailers, Showtimes, and Tickets",Stripe,en,Other
https://www.thesaurus.com,{},,Synonyms and Antonyms of Words | Thesaurus.com,Thesaurus.com is the world’s largest and most trusted online thesaurus for 25+ years. Join millions of people and grow your mastery of the English language.,,en,Other
https://www.twitch.tv,{},,Twitch,"Twitch is an interactive livestreaming service for content spanning gaming, entertainment, sports, music, and more. There’s something for everyone on Twitch.",,,Other
https://www.weather.com,{},,"Rajpath Area, दिल्ली के लिए मौसम का पूर्वानुमान और स्थितियाँ - The Weather Channel | Weather.com","आज के दिन और आज की रात के Rajpath Area, दिल्ली मौसम का पूर्वानुमान, मौसम की स्थिति और The Weather Channel का डॉप्लर रडार और Weather.com",Square,hi-IN,Other
https://www.whitehouse.gov,"{'Instagram': 'https://www.instagram.com/whitehouse/', 'Facebook': 'https://www.facebook.com/WhiteHouse/', 'Twitter': 'https://twitter.com/whitehouse', 'YouTube': 'https://www.youtube.com/user/whitehouse'}",jQuery,The White House,President Biden and Vice President Harris promised to move quickly to deliver results for working families. That’s what they’ve done.,Square,en-US,Other
https://www.xbox.com,"{'Facebook': 'https://www.facebook.com/XboxIndia', 'Twitter': 'https://twitter.com/xboxIND', 'Instagram': 'https://www.instagram.com/xbox/', 'WhatsApp': 'https://www.whatsapp.com/channel/0029Va4J1hI5a248Y7hu6A2Y', 'TikTok': 'https://www.tiktok.com/@Xbox', 'YouTube': 'https://www.youtube.com/channel/UC7u8YN9irsy0deYf0RngGig'}",jQuery,"Xbox Official Site: Consoles, Games, and Community | Xbox","Experience the new generation of games and entertainment with Xbox. Explore consoles, new and old Xbox games and accessories to start or add to your collection.",,en,Other
https://www.yelp.com,{},React.js,"Restaurants, Dentists, Bars, Beauty Salons, Doctors - Yelp","User Reviews and Recommendations of Best Restaurants, Shopping, Nightlife, Food, Entertainment, Things to Do, Services and More at Yelp",,en-US,Other
https://www.zillow.com,"{'Facebook': 'https://www.facebook.com/Zillow', 'Instagram': 'https://www.instagram.com/zillow', 'TikTok': 'https://www.tiktok.com/@zillow'}",,"Zillow: Real Estate, Apartments, Mortgages & Home Values","The leading real estate marketplace. Search millions of for-sale and rental listings, compare Zestimate® home values and connect with local professionals.",,en,Other
https://www.ancestry.com,{},"jQuery, Sass","Ancestry® | Family Tree, Genealogy & Family History Records",Ancestry® helps you understand your genealogy. A family tree takes you back generations—the world's largest collection of online family history records makes it easy to trace your lineage.,,en-US,Other
https://www.booking.com,{},"jQuery, React.js","Booking.com | Official site | The best hotels, flights, car rentals & accommodations","Explore the world with Booking.com. Big savings on homes, hotels, flights, car rentals, taxis and attractions – build your perfect trip on any budget.",Square,en-gb,Travel and Hospitality
https://www.chase.com,"{'Facebook': 'https://www.facebook.com/chase', 'Instagram': 'https://www.instagram.com/chase/', 'Twitter': 'https://twitter.com/Chase', 'YouTube': 'https://www.youtube.com/chase', 'LinkedIn': 'https://www.linkedin.com/company/chase?trk=company_logo', 'Pinterest': 'https://www.pinterest.com/chase/'}",jQuery,"Credit Card, Mortgage, Banking, Auto | Chase Online | Chase.com","Chase online; credit cards, mortgages, commercial banking, auto loans, investing & retirement planning, checking and business banking.","Square, Zelle",en-US,Other
https://www.dropbox.com,"{'Twitter': 'https://twitter.com/Dropbox', 'Facebook': 'https://www.facebook.com/Dropbox/', 'YouTube': 'https://www.youtube.com/user/dropbox'}",,Dropbox.com,Dropbox helps you simplify your workflow. So you can spend more time in your flow.,Adyen,en,Other
https://www.espn.com,"{'Facebook': 'https://www.facebook.com/ESPN', 'Twitter': 'https://twitter.com/espn', 'Instagram': 'https://www.instagram.com/espn/', 'Snapchat': 'https://www.snapchat.com/discover/ESPN/7296089122', 'TikTok': 'https://www.tiktok.com/@espn', 'YouTube': 'https://www.youtube.com/channel/UCiWLfSweyRNmLpgEHekhoAg?ex_cid=espn-footer-follow-us-youtube'}",Less,ESPN - Serving Sports Fans. Anytime. Anywhere.,"Visit ESPN for live scores, highlights and sports news. Stream exclusive games on ESPN+ and play fantasy sports.",,en,Other
https://www.flickr.com,"{'Facebook': 'https://www.facebook.com/flickr', 'Twitter': 'https://twitter.com/flickr', 'Instagram': 'https://www.instagram.com/flickr/'}",,Find your inspiration. | Flickr,N/A,"PayPal, Stripe, Square, Braintree",en-us,Other
https://www.gmail.com,{},,Gmail,"Gmail is email that’s intuitive, efficient, and useful. 15 GB of storage, less spam, and mobile access.",,en-US,Other
https://www.hulu.com,"{'Facebook': '//www.facebook.com/hulu', 'Twitter': '//twitter.com/hulu', 'YouTube': '//www.youtube.com/channel/UCE5mQnNl8Q4H2qcv4ikaXeA', 'Instagram': '//www.instagram.com/hulu'}",,Stream TV and Movies Live and Online | Hulu,"Watch TV shows and movies online. Stream TV episodes of Shōgun, Grey's Anatomy, This Is Us, Bob's Burgers, Brooklyn Nine-Nine, Empire, SNL, and popular movies on your favorite devices. Start your free trial now.",Square,en,Other
https://www.icloud.com,{},,iCloud,"Log in to iCloud to access your photos, mail, notes, documents and more. Sign in with your Apple ID or create a new account to start using Apple services.",Eway,en-us,Other
https://www.jetbrains.com,{},,JetBrains: Essential tools for software developers and teams,"JetBrains is a cutting-edge software vendor specializing in the creation of intelligent development tools, including IntelliJ IDEA – the leading Java IDE, and the Kotlin programming language.",,en,Other
https://www.khanacademy.org,"{'Facebook': 'https://www.facebook.com/khanacademy', 'Twitter': 'https://twitter.com/khanacademy', 'Instagram': 'https://instagram.com/khanacademy'}",,"Khan Academy | Free Online Courses, Lessons & Practice","Learn for free about math, art, computer programming, economics, physics, chemistry, biology, medicine, finance, history, and more. Khan Academy is a nonprofit with the mission of providing a free, world-class education for anyone, anywhere.","Stripe, Square",en,Other
https://www.livescience.com,"{'Facebook': 'https://www.facebook.com/livescience?cmpid=556687', 'Twitter': 'https://twitter.com/LiveScience?cmpid=556688', 'Instagram': 'https://www.instagram.com/live_science/?hl=en', 'YouTube': 'https://www.youtube.com/user/LiveScienceVideos'}",,Live Science | Latest science news and articles for those with curious minds,"Daily discoveries, groundbreaking research and fascinating science breakthroughs that impact you and the wider world, reported by our expert journalists.",,en,Other
https://www.mozilla.org,"{'Twitter': 'https://twitter.com/firefox', 'Instagram': 'https://www.instagram.com/firefox/', 'LinkedIn': 'https://www.linkedin.com/company/mozilla-corporation/', 'TikTok': 'https://www.tiktok.com/@mozilla', 'YouTube': 'https://www.youtube.com/user/firefoxchannel'}",,"Internet for people, not profit — Mozilla Global",Mozilla is the not-for-profit behind the lightning fast Firefox browser. We put people over profit to give everyone more power online.,,en,Other
https://www.netflix.com,{},,Netflix,"Watch Netflix movies & TV shows online or stream right to your smart TV, game console, PC, Mac, mobile, tablet and more.",,en-IN,Other
https://www.opera.com,"{'Facebook': 'https://www.facebook.com/Opera/', 'TikTok': 'https://www.tiktok.com/@opera.browser', 'Twitter': 'https://twitter.com/opera', 'YouTube': 'https://www.youtube.com/opera', 'LinkedIn': 'https://www.linkedin.com/company/opera-software', 'Instagram': 'https://www.instagram.com/opera/'}",,"Opera Web Browser | Faster, Safer, Smarter | Opera","Faster, safer and smarter than default browsers. Fully-featured for privacy, security, and so much more. Get the faster, better Opera browser for free.",,en,Other
https://www.quicksilver.com,"{'Facebook': 'https://www.facebook.com/quicksilversoftware', 'Twitter': 'https://twitter.com/QuicksilverSoft', 'LinkedIn': 'https://www.linkedin.com/company/quicksilver-software'}","Bootstrap, jQuery","Quicksilver Software, Inc.",No challenge too great; no problem we can't solve.,"Square, Eway",en,Other
https://www.redcross.org,"{'Facebook': 'https://www.facebook.com/redcross', 'Twitter': 'https://twitter.com/redcross', 'Instagram': 'https://www.instagram.com/americanredcross/?hl=en', 'TikTok': 'https://www.tiktok.com/@americanredcross?lang=en'}",,American Red Cross | Help Those Affected by Disasters,Every 8 minutes the American Red Cross responds to an emergency. Support the Red Cross. Join us today by making a donation.,,en,Other
https://www.squarespace.com,"{'Instagram': 'https://instagram.com/squarespace', 'YouTube': 'https://www.youtube.com/squarespace', 'LinkedIn': 'https://www.linkedin.com/company/squarespace/', 'Facebook': 'https://facebook.com/squarespace', 'Twitter': 'https://twitter.com/squarespace'}",,Website Builder — Create a Website in Minutes — Squarespace,"Create a customizable website or online store with an all-in-one solution 
from Squarespace. Choose a website template and start your free trial 
today.",Square,en-US,Other
https://www.twitch.tv,{},,Twitch,"Twitch is an interactive livestreaming service for content spanning gaming, entertainment, sports, music, and more. There’s something for everyone on Twitch.",,,Other
https://www.udacity.com,"{'Facebook': 'https://www.facebook.com/Udacity', 'Twitter': 'https://twitter.com/udacity', 'LinkedIn': 'https://www.linkedin.com/school/udacity/', 'Instagram': 'https://www.instagram.com/udacity/'}",,Learn the Latest Tech Skills; Advance Your Career | Udacity,"Learn online and advance your career with courses in programming, data science, artificial intelligence, digital marketing, and more. Gain in-demand technical skills. Join today!",,en,Other
https://www.weather.com,{},,"Rajpath Area, दिल्ली के लिए मौसम का पूर्वानुमान और स्थितियाँ - The Weather Channel | Weather.com","आज के दिन और आज की रात के Rajpath Area, दिल्ली मौसम का पूर्वानुमान, मौसम की स्थिति और The Weather Channel का डॉप्लर रडार और Weather.com",Square,hi-IN,Other
https://www.xkcd.com,"{'Twitter': 'https://twitter.com/KHayhoe', 'Facebook': 'https://www.facebook.com/TheXKCD/', 'Instagram': 'https://www.instagram.com/xkcd/', 'Medium': 'https://medium.com/civic-tech-thoughts-from-joshdata/so-you-want-to-reform-democracy-7f3b1ef10597'}",,xkcd: 1.2 Kilofives,N/A,,,Other
https://www.youtube.com,{'YouTube': 'https://www.youtube.com/howyoutubeworks?utm_campaign=ytgen&utm_source=ythp&utm_medium=LeftNav&utm_content=txt&u=https%3A%2F%2Fwww.youtube.com%2Fhowyoutubeworks%3Futm_source%3Dythp%26utm_medium%3DLeftNav%26utm_campaign%3Dytgen'},Polymer,YouTube,"Enjoy the videos and music you love, upload original content, and share it all with friends, family, and the world on YouTube.",Square,en-GB,Other
https://www.zara.com,{},,,N/A,,,Other
https://www.aol.com,{'Instagram': 'https://instagram.com/aol'},,"News, Politics, Sports, Mail & Latest Headlines - AOL.com","Discover the latest breaking news in the U.S. and around the world — politics, weather, entertainment, lifestyle, finance, sports and much more.",,en-US,Other
https://www.bestbuy.com,{},,Best Buy International: Select your Country - Best Buy,Shop online at Best Buy in your country and language of choice. Best Buy provides online shopping in a number of countries and languages.,,en,E-commerce
https://www.dailymotion.com,{},,Dailymotion,"The latest news, sports, music and entertainment videos on Dailymotion",,en,Other
https://www.eonline.com,"{'Facebook': 'http://www.facebook.com/enews', 'Instagram': 'http://www.instagram.com/enews', 'Pinterest': 'https://www.pinterest.com/e_news_/', 'Twitter': 'http://www.twitter.com/intent/follow?screen_name=enews', 'Snapchat': 'http://www.snapchat.com/add/e_news', 'YouTube': 'http://www.youtube.com/user/enews'}",,"Entertainment News, Celebrity News, Celebrity Gossip - E! Online","Your source for entertainment news, celebrities, celeb news, and celebrity gossip. Check out the hottest fashion, photos, movies and TV shows!",Square,,Other
https://www.fandango.com,{},,Fandango | A Message To Our Fans,A Message To Our Fans,,en,Non-Profit and Government
https://www.goodreads.com,"{'Facebook': 'https://www.facebook.com/Goodreads/', 'Twitter': 'https://twitter.com/goodreads', 'Instagram': 'https://www.instagram.com/goodreads/', 'LinkedIn': 'https://www.linkedin.com/company/goodreads-com/'}",React.js,Goodreads | Meet your next favorite book,"Find and read more books you’ll love, and keep track of the books you want to read. Be part of the world’s largest community of book lovers on Goodreads.",,,Other
https://www.huffpost.com,"{'Facebook': 'https://www.facebook.com/HuffPost', 'Twitter': 'https://www.twitter.com/HuffPost', 'Instagram': 'https://www.instagram.com/HuffPost'}",,"HuffPost - Breaking News, U.S. and World News | HuffPost","Read the latest headlines, news stories, and opinion from Politics, Entertainment, Life, Perspectives, and more.",Square,en,Other
https://www.ign.com,"{'Instagram': 'https://www.instagram.com/ignindia/', 'Facebook': 'https://www.facebook.com/IGNDIA/', 'Twitter': 'https://twitter.com/IGN_IN', 'YouTube': 'https://www.youtube.com/c/IGNIndia'}",,IGN India,"IGN India is your ultimate destination for xbox 360, xbox one, ps3, ps4, PC, Vita, 3DS & Iphone games with expert reviews, previews, news, cheat codes, wikis.",Stripe,en-in,Other
https://www.justice.gov,"{'Twitter': 'http://www.twitter.com/TheJusticeDept', 'Facebook': 'https://www.facebook.com/DOJ', 'YouTube': 'http://www.youtube.com/TheJusticeDepartment', 'Instagram': 'https://www.instagram.com/thejusticedept/', 'LinkedIn': 'https://www.linkedin.com/company/usdoj/mycompany/'}",,Department of Justice |  Homepage | United States Department of Justice,Official website of the U.S. Department of Justice (DOJ). DOJ’s mission is to enforce the law and defend the interests of the United States according to the law; to ensure public safety against threats foreign and domestic; to provide federal leadership in preventing and controlling crime; to seek just punishment for those guilty of unlawful behavior; and to ensure fair and impartial administration of justice for all Americans.,,en,Other
https://www.kotaku.com,"{'Facebook': 'https://facebook.com/sharer.php?u=https%3A%2F%2Fkotaku.com%2Fspyro-the-dragon-4-in-development-toys-for-bob-1851459412%3Futm_medium%3Dsharefromsite%26utm_source%3Dfacebook', 'Twitter': 'https://twitter.com/intent/tweet?url=https%3A%2F%2Fkotaku.com%2Fspyro-the-dragon-4-in-development-toys-for-bob-1851459412%3Futm_medium%3Dsharefromsite%26utm_source%3Dtwitter&text=Kotaku%E2%80%99s%20Hopes%20For%20%3Ci%3ESpyro%20The%20Dragon%3C%2Fi%3E%E2%80%99s%20(Reported)%20Comeback', 'Instagram': 'https://instagram.com/kotakudotcom', 'YouTube': 'https://www.youtube.com/user/KotakuNYC', 'Reddit': 'https://www.reddit.com/submit?url=https%3A%2F%2Fkotaku.com%2Fspyro-the-dragon-4-in-development-toys-for-bob-1851459412%3Futm_medium%3Dsharefromsite%26utm_source%3Dreddit&title=Kotaku%E2%80%99s%20Hopes%20For%20%3Ci%3ESpyro%20The%20Dragon%3C%2Fi%3E%E2%80%99s%20(Reported)%20Comeback'}",,"Kotaku | Gaming Reviews, News, Tips and More.","Gaming Reviews, News, Tips and More.","Square, Eway",en,Other
https://www.last.fm,"{'Facebook': 'https://www.facebook.com/lastfm', 'Twitter': 'https://twitter.com/lastfm', 'Instagram': 'https://www.instagram.com/last_fm', 'YouTube': 'https://www.youtube.com/user/lastfm'}",,"Last.fm | Play music, find songs, and discover artists","The world's largest online music service. Listen online, find out more about your favourite artists, and get music recommendations, only at Last.fm",,en,Other
https://www.myspace.com,{'Myspace': '//myspace.com/ashleyy.benson'},jQuery,Featured Content on Myspace,Featured Content on Myspace,Square,,Other
https://www.netflix.com,{},,Netflix,"Watch Netflix movies & TV shows online or stream right to your smart TV, game console, PC, Mac, mobile, tablet and more.",,en-IN,Other
https://www.oreilly.com,"{'LinkedIn': 'https://www.linkedin.com/company/oreilly-media', 'YouTube': 'https://www.youtube.com/user/OreillyMedia'}",jQuery,O'Reilly Media - Technology and Business Training,"Gain technology and business knowledge and hone your skills with learning resources created and curated by O'Reilly's experts: live online training, video, books, our platform has content from 200+ of the world's best publishers.",,en,Other
https://www.samsung.com,"{'Facebook': '//www.facebook.com/SamsungIndia', 'Twitter': '//twitter.com/samsungindia', 'Instagram': '//www.instagram.com/samsungindia/', 'YouTube': '//www.youtube.com/SamsungMobileIndia', 'LinkedIn': '//www.linkedin.com/company/samsung-india'}",,Samsung India | Mobile | TV | Home Appliances,"Samsung helps you discover a wide range of home electronics with cutting-edge technology including smartphones, tablets, TVs, home appliances and more.",Square,en-IN,Other
https://www.theatlantic.com,{},,World Edition - The Atlantic,"The Atlantic covers news, politics, culture, technology, health, and more, through its articles, podcasts, videos, and flagship magazine.",Square,en,Other
https://www.vimeo.com,"{'Vimeo': 'https://investors.vimeo.com', 'Instagram': 'https://www.instagram.com/vimeo/', 'Twitter': 'https://www.twitter.com/Vimeo/', 'Facebook': 'https://www.facebook.com/Vimeo/', 'LinkedIn': 'https://www.linkedin.com/company/vimeo/'}",,Vimeo AI-Powered Video Platform,"The video platform trusted by 287 million creatives, entrepreneurs, and businesses. Everything you need to create, manage, and share stunning videos.",,en,Other
https://www.walmart.com,{},"Ember.js, React.js",Walmart | Save Money. Live better.,Shop Walmart.com today for Every Day Low Prices. Join Walmart+ for unlimited free delivery from your store & free shipping with no order minimum. Start your free 30-day trial now!,"Klarna, Eway",en-US,Other
https://www.xfinity.com,{},,"Internet, TV, Phone, Smart Home and Security - Xfinity by Comcast","Save on high speed internet, mobile phone plans and cable TV services with Xfinity. Enjoy entertainment your way with great deals on Xfinity by Comcast.",Eway,en,Other
https://www.yahoo.com,{},React.js,"Yahoo | Mail, Weather, Search, Politics, News, Finance, Sports & Videos","Latest news coverage, email, free stock quotes, live scores and video are just the beginning. Discover more every day at Yahoo!",Eway,en-US,Other
https://www.zappos.com,"{'Facebook': 'https://www.facebook.com/zappos', 'Instagram': 'https://www.instagram.com/zappos/', 'Twitter': 'https://twitter.com/zappos', 'Pinterest': 'https://www.pinterest.com/zappos', 'YouTube': 'https://www.youtube.com/user/zappos'}",,"Shoes, Sneakers, Boots, & Clothing + FREE SHIPPING | Zappos.com",GET FREE SHIPPING & RETURNS! We have 1000s of styles of shoes & Zappos legendary 365-day return policy + 24/7 friendly customer service. Call 1-800-92,"Square, Afterpay, Eway",en-US,Other
